<?xml version="1.0" encoding="UTF-8"?>

<FLOW VERSION="3.0" CLEANUP="true">
  <COMMENT></COMMENT>

  <!-- nodes -->

<MAP TIMEOUT="" MODE="STANDALONE">
  <COMMENT></COMMENT>
  <MAPTARGET>

<Values version="2.0">
  <record name="xml" javaclass="com.wm.util.Values">
    <value name="node_type">record</value>
    <value name="field_type">record</value>
    <value name="field_dim">0</value>
    <value name="field_opt">false</value>
    <array name="rec_fields" type="record" depth="1">
      <record javaclass="com.wm.util.Values">
        <value name="node_type">record</value>
        <value name="field_name">key</value>
        <value name="field_type">string</value>
        <value name="field_dim">0</value>
        <value name="field_opt">false</value>
      </record>
      <record javaclass="com.wm.util.Values">
        <value name="node_type">unknown</value>
        <value name="field_name">lookupTable</value>
        <value name="field_type">string</value>
        <value name="field_dim">2</value>
        <value name="field_opt">false</value>
      </record>
    </array>
    <value name="rec_closed">false</value>
  </record>
</Values>
</MAPTARGET>
  <MAPSOURCE>

<Values version="2.0">
  <record name="xml" javaclass="com.wm.util.Values">
    <value name="node_type">record</value>
    <value name="field_type">record</value>
    <value name="field_dim">0</value>
    <value name="field_opt">false</value>
    <list name="rec_fields">
    </list>
    <value name="rec_closed">false</value>
  </record>
</Values>
</MAPSOURCE>

  <!-- nodes -->

<MAPSET NAME="Setter" OVERWRITE="false" VARIABLES="false" FIELD="/lookupTable;1;2">
  <DATA ENCODING="XMLValues" I18N="true">

<Values version="2.0">
  <array name="xml" type="value" depth="2">
    <array type="value" depth="1">
      <value>key1</value>
      <value>value1</value>
    </array>
    <array type="value" depth="1">
      <value>key2</value>
      <value>value2</value>
    </array>
    <array type="value" depth="1">
      <value>key3</value>
      <value>value3</value>
    </array>
    <array type="value" depth="1">
      <value>key4</value>
      <value>value4</value>
    </array>
    <array type="value" depth="1">
      <value>key5</value>
      <value>value5</value>
    </array>
    <array type="value" depth="1">
      <value>key6</value>
      <value>value6</value>
    </array>
    <array type="value" depth="1">
      <value>key7</value>
      <value>value7</value>
    </array>
    <array type="value" depth="1">
      <value>key8</value>
      <value>value8</value>
    </array>
    <array type="value" depth="1">
      <value>key9</value>
      <value>value9</value>
    </array>
    <array type="value" depth="1">
      <value>D</value>
      <value>Document item</value>
    </array>
    <array type="value" depth="1">
      <value>I</value>
      <value>PM structure item</value>
    </array>
    <array type="value" depth="1">
      <value>K</value>
      <value>Class item</value>
    </array>
    <array type="value" depth="1">
      <value>L</value>
      <value>Stock item</value>
    </array>
    <array type="value" depth="1">
      <value>M</value>
      <value>Phantom material</value>
    </array>
    <array type="value" depth="1">
      <value>N</value>
      <value>Non-stock item</value>
    </array>
    <array type="value" depth="1">
      <value>R</value>
      <value>Variable-size item</value>
    </array>
    <array type="value" depth="1">
      <value>T</value>
      <value>Text item</value>
    </array>
  </array>
  <record name="type" javaclass="com.wm.util.Values">
    <value name="node_type">record</value>
    <value name="field_name">lookupTable</value>
    <value name="field_type">string</value>
    <value name="field_dim">2</value>
    <value name="field_opt">false</value>
  </record>
</Values>
</DATA>
</MAPSET>
</MAP>

<INVOKE TIMEOUT="" SERVICE="pub.string:lookupTable" VALIDATE-IN="$none" VALIDATE-OUT="$none">
  <COMMENT></COMMENT>

  <!-- nodes -->

<MAP MODE="INPUT">
</MAP>

<MAP MODE="OUTPUT">
  <MAPTARGET>

<Values version="2.0">
  <record name="xml" javaclass="com.wm.util.Values">
    <value name="node_type">record</value>
    <value name="field_type">record</value>
    <value name="field_dim">0</value>
    <value name="field_opt">false</value>
    <array name="rec_fields" type="record" depth="1">
      <record javaclass="com.wm.util.Values">
        <value name="node_type">record</value>
        <value name="field_name">key</value>
        <value name="field_type">string</value>
        <value name="field_dim">0</value>
        <value name="field_opt">false</value>
      </record>
      <record javaclass="com.wm.util.Values">
        <value name="node_type">unknown</value>
        <value name="field_name">lookupTable</value>
        <value name="field_type">string</value>
        <value name="field_dim">2</value>
        <value name="field_opt">false</value>
      </record>
      <record javaclass="com.wm.util.Values">
        <value name="node_type">unknown</value>
        <value name="field_name">value</value>
        <value name="field_type">string</value>
        <value name="field_dim">0</value>
        <value name="field_opt">false</value>
      </record>
    </array>
    <value name="rec_closed">false</value>
  </record>
</Values>
</MAPTARGET>
  <MAPSOURCE>

<Values version="2.0">
  <record name="xml" javaclass="com.wm.util.Values">
    <value name="node_type">record</value>
    <value name="field_name">lookupTableOutput</value>
    <value name="field_type">record</value>
    <value name="field_dim">0</value>
    <value name="field_opt">false</value>
    <list name="rec_fields">
    </list>
    <value name="rec_closed">false</value>
  </record>
</Values>
</MAPSOURCE>

  <!-- nodes -->

<MAPSET NAME="Setter" OVERWRITE="false" VARIABLES="false" FIELD="/value;1;0">
  <DATA ENCODING="XMLValues" I18N="true">

<Values version="2.0">
  <value name="xml">not found</value>
  <record name="type" javaclass="com.wm.util.Values">
    <value name="node_type">unknown</value>
    <value name="field_name">value</value>
    <value name="field_type">string</value>
    <value name="field_dim">0</value>
    <value name="field_opt">false</value>
  </record>
</Values>
</DATA>
</MAPSET>
</MAP>
</INVOKE>
</FLOW>
