<?xml version="1.0" encoding="UTF-8"?>

<FLOW VERSION="3.0" CLEANUP="true">
  <COMMENT>generated call to documentToRecord</COMMENT>

  <!-- nodes -->

<INVOKE TIMEOUT="" SERVICE="pub.web:documentToRecord" VALIDATE-IN="$none" VALIDATE-OUT="$none">
  <COMMENT></COMMENT>

  <!-- nodes -->

<MAP MODE="INPUT">
  <MAPTARGET>

<Values version="2.0">
  <record name="xml" javaclass="com.wm.util.Values">
    <value name="node_type">record</value>
    <value name="field_name">documentToRecordInput</value>
    <value name="field_type">record</value>
    <value name="field_dim">0</value>
    <value name="field_opt">false</value>
    <array name="rec_fields" type="record" depth="1">
      <record javaclass="com.wm.util.Values">
        <value name="node_type">unknown</value>
        <value name="field_name">node</value>
        <value name="field_type">object</value>
        <value name="field_dim">0</value>
        <value name="field_opt">false</value>
      </record>
      <record javaclass="com.wm.util.Values">
        <value name="node_type">unknown</value>
        <value name="field_name">attrPrefix</value>
        <value name="field_type">string</value>
        <value name="field_dim">0</value>
        <value name="field_opt">true</value>
      </record>
      <record javaclass="com.wm.util.Values">
        <value name="node_type">unknown</value>
        <value name="field_name">arrays</value>
        <value name="field_type">string</value>
        <value name="field_dim">1</value>
        <value name="field_opt">true</value>
      </record>
      <record javaclass="com.wm.util.Values">
        <value name="node_type">unknown</value>
        <value name="field_name">makeArrays</value>
        <value name="field_type">string</value>
        <value name="field_dim">0</value>
        <value name="field_opt">true</value>
        <array name="field_options" type="value" depth="1">
          <value>true</value>
          <value>false</value>
        </array>
      </record>
      <record javaclass="com.wm.util.Values">
        <value name="node_type">record</value>
        <value name="field_name">collect</value>
        <value name="field_type">record</value>
        <value name="field_dim">0</value>
        <value name="field_opt">true</value>
        <list name="rec_fields">
        </list>
        <value name="rec_closed">false</value>
      </record>
      <record javaclass="com.wm.util.Values">
        <value name="node_type">record</value>
        <value name="field_name">nsDecls</value>
        <value name="field_type">record</value>
        <value name="field_dim">0</value>
        <value name="field_opt">true</value>
        <list name="rec_fields">
        </list>
        <value name="rec_closed">false</value>
      </record>
      <record javaclass="com.wm.util.Values">
        <value name="node_type">unknown</value>
        <value name="field_name">records</value>
        <value name="field_type">string</value>
        <value name="field_dim">1</value>
        <value name="field_opt">true</value>
      </record>
      <record javaclass="com.wm.util.Values">
        <value name="node_type">unknown</value>
        <value name="field_name">recordName</value>
        <value name="field_type">string</value>
        <value name="field_dim">0</value>
        <value name="field_opt">true</value>
      </record>
      <record javaclass="com.wm.util.Values">
        <value name="node_type">unknown</value>
        <value name="field_name">mixedModel</value>
        <value name="field_type">string</value>
        <value name="field_dim">0</value>
        <value name="field_opt">true</value>
        <array name="field_options" type="value" depth="1">
          <value>false</value>
          <value>true</value>
        </array>
      </record>
    </array>
    <value name="rec_closed">false</value>
  </record>
</Values>
</MAPTARGET>
  <MAPSOURCE>

<Values version="2.0">
  <record name="xml" javaclass="com.wm.util.Values">
    <value name="node_type">record</value>
    <value name="field_type">record</value>
    <value name="field_dim">0</value>
    <value name="field_opt">false</value>
    <list name="rec_fields">
    </list>
    <value name="rec_closed">false</value>
  </record>
</Values>
</MAPSOURCE>

  <!-- nodes -->

<MAPSET OVERWRITE="true" VARIABLES="false" FIELD="/makeArrays;1;0">
  <DATA ENCODING="XMLValues" I18N="true">

<Values version="2.0">
  <value name="xml">true</value>
</Values>
</DATA>
</MAPSET>
</MAP>

<MAP MODE="OUTPUT">
  <MAPTARGET>

<Values version="2.0">
  <record name="xml" javaclass="com.wm.util.Values">
    <value name="node_type">record</value>
    <value name="field_type">record</value>
    <value name="field_dim">0</value>
    <value name="field_opt">false</value>
    <array name="rec_fields" type="record" depth="1">
      <record javaclass="com.wm.util.Values">
        <value name="node_type">unknown</value>
        <value name="field_name">node</value>
        <value name="field_type">object</value>
        <value name="field_dim">0</value>
        <value name="field_opt">false</value>
      </record>
      <record javaclass="com.wm.util.Values">
        <value name="node_type">unknown</value>
        <value name="field_name">makeArrays</value>
        <value name="field_type">string</value>
        <value name="field_dim">0</value>
        <value name="field_opt">false</value>
      </record>
      <record javaclass="com.wm.util.Values">
        <value name="node_type">record</value>
        <value name="field_name">boundNode</value>
        <value name="field_type">record</value>
        <value name="field_dim">0</value>
        <value name="field_opt">false</value>
        <list name="rec_fields">
        </list>
        <value name="rec_closed">false</value>
      </record>
      <record javaclass="com.wm.util.Values">
        <value name="node_type">record</value>
        <value name="field_name">MaterialDataRequest</value>
        <value name="field_type">recref</value>
        <value name="field_dim">0</value>
        <value name="field_opt">false</value>
        <value name="rec_closed">false</value>
        <value name="rec_ref">spjexamples.records:MaterialDataRequestRec</value>
      </record>
    </array>
    <value name="rec_closed">false</value>
  </record>
</Values>
</MAPTARGET>
  <MAPSOURCE>

<Values version="2.0">
  <record name="xml" javaclass="com.wm.util.Values">
    <value name="node_type">record</value>
    <value name="field_name">documentToRecordOutput</value>
    <value name="field_type">record</value>
    <value name="field_dim">0</value>
    <value name="field_opt">false</value>
    <array name="rec_fields" type="record" depth="1">
      <record javaclass="com.wm.util.Values">
        <value name="node_type">record</value>
        <value name="field_name">boundNode</value>
        <value name="field_type">record</value>
        <value name="field_dim">0</value>
        <value name="field_opt">false</value>
        <list name="rec_fields">
        </list>
        <value name="rec_closed">false</value>
      </record>
    </array>
    <value name="rec_closed">false</value>
  </record>
</Values>
</MAPSOURCE>

  <!-- nodes -->

<MAPDELETE FIELD="/boundNode;2;0">
</MAPDELETE>

<MAPDELETE NAME="Dropper" FIELD="/node;3;0">
</MAPDELETE>

<MAPDELETE NAME="Dropper" FIELD="/makeArrays;1;0">
</MAPDELETE>

<MAPCOPY NAME="Link" FROM="/boundNode;2;0" TO="/MaterialDataRequest;4;0;spjexamples.records:MaterialDataRequestRec">
</MAPCOPY>
</MAP>
</INVOKE>

<MAP MODE="STANDALONE">
  <COMMENT></COMMENT>
  <MAPTARGET>

<Values version="2.0">
  <record name="xml" javaclass="com.wm.util.Values">
    <value name="node_type">record</value>
    <value name="field_type">record</value>
    <value name="field_dim">0</value>
    <value name="field_opt">false</value>
    <array name="rec_fields" type="record" depth="1">
      <record javaclass="com.wm.util.Values">
        <value name="node_type">record</value>
        <value name="field_name">Alereq01</value>
        <value name="field_type">recref</value>
        <value name="field_dim">0</value>
        <value name="field_opt">false</value>
        <value name="rec_closed">false</value>
        <value name="rec_ref">spjexamples.records:Alereq01Rec</value>
      </record>
      <record javaclass="com.wm.util.Values">
        <value name="node_type">record</value>
        <value name="field_name">MaterialDataRequest</value>
        <value name="field_type">recref</value>
        <value name="field_dim">0</value>
        <value name="field_opt">false</value>
        <value name="rec_closed">false</value>
        <value name="rec_ref">spjexamples.records:MaterialDataRequestRec</value>
      </record>
    </array>
    <value name="rec_closed">false</value>
  </record>
</Values>
</MAPTARGET>
  <MAPSOURCE>

<Values version="2.0">
  <record name="xml" javaclass="com.wm.util.Values">
    <value name="node_type">record</value>
    <value name="field_type">record</value>
    <value name="field_dim">0</value>
    <value name="field_opt">false</value>
    <array name="rec_fields" type="record" depth="1">
      <record javaclass="com.wm.util.Values">
        <value name="node_type">record</value>
        <value name="field_name">MaterialDataRequest</value>
        <value name="field_type">recref</value>
        <value name="field_dim">0</value>
        <value name="field_opt">false</value>
        <value name="rec_closed">false</value>
        <value name="rec_ref">spjexamples.records:MaterialDataRequestRec</value>
      </record>
    </array>
    <value name="rec_closed">false</value>
  </record>
</Values>
</MAPSOURCE>

  <!-- nodes -->

<MAPCOPY NAME="Link" FROM="/MaterialDataRequest;4;0;spjexamples.records:MaterialDataRequestRec/MaterialDataRequest;2;0/MaterialNumber;1;0" TO="/Alereq01;4;0;spjexamples.records:Alereq01Rec/ALEREQ01;2;0/IDOC;2;1/E1ALER1;2;1/E1ALEQ1;2;1/LOW;1;0">
</MAPCOPY>

<MAPSET NAME="Setter" OVERWRITE="true" VARIABLES="false" FIELD="/Alereq01;4;0;spjexamples.records:Alereq01Rec/ALEREQ01;2;0/IDOC;2;1/E1ALER1;2;1/E1ALEQ1;2;1/OPTION;1;0">
  <DATA ENCODING="XMLValues" I18N="true">

<Values version="2.0">
  <value name="xml">EQ</value>
  <record name="type" javaclass="com.wm.util.Values">
    <value name="node_type">unknown</value>
    <value name="field_name">OPTION</value>
    <value name="field_type">string</value>
    <value name="field_dim">0</value>
    <value name="field_opt">true</value>
    <record name="field_content_type" javaclass="com.wm.util.Values">
      <record name="maxLength" javaclass="com.wm.util.Values">
        <record name="FMaxLenCValue" javaclass="com.wm.util.Values">
          <value name="cDecimalValue">2</value>
        </record>
        <value name="facetFixed">false</value>
      </record>
      <value name="contentType">1</value>
      <value name="internalType">instance</value>
      <value name="ct_class">com.wm.lang.schema.datatypev2.WmString</value>
      <value name="name">string</value>
      <array name="parent-ancestors" type="record" depth="1">
        <record javaclass="com.wm.util.Values">
          <value name="xmlns">http://www.w3.org/2001/XMLSchema</value>
          <value name="ncName">anySimpleType</value>
        </record>
        <record javaclass="com.wm.util.Values">
          <value name="xmlns">http://www.w3.org/2001/XMLSchema</value>
          <value name="ncName">anyType</value>
        </record>
      </array>
      <record name="baseType" javaclass="com.wm.util.Values">
        <record name="whiteSpace" javaclass="com.wm.util.Values">
          <record name="FacetWSCValue" javaclass="com.wm.util.Values">
            <value name="cDecimalValue">3</value>
          </record>
          <value name="facetFixed">false</value>
        </record>
        <value name="contentType">1</value>
        <value name="internalType">instance</value>
        <value name="ct_class">com.wm.lang.schema.datatypev2.WmString</value>
        <value name="dataTypeVersion">dtVersion2</value>
      </record>
      <value name="dataTypeVersion">dtVersion2</value>
    </record>
  </record>
</Values>
</DATA>
</MAPSET>

<MAPSET NAME="Setter" OVERWRITE="true" VARIABLES="false" FIELD="/Alereq01;4;0;spjexamples.records:Alereq01Rec/ALEREQ01;2;0/IDOC;2;1/E1ALER1;2;1/E1ALEQ1;2;1/SIGN;1;0">
  <DATA ENCODING="XMLValues" I18N="true">

<Values version="2.0">
  <value name="xml">I</value>
  <record name="type" javaclass="com.wm.util.Values">
    <value name="node_type">unknown</value>
    <value name="field_name">SIGN</value>
    <value name="field_type">string</value>
    <value name="field_dim">0</value>
    <value name="field_opt">true</value>
    <record name="field_content_type" javaclass="com.wm.util.Values">
      <record name="maxLength" javaclass="com.wm.util.Values">
        <record name="FMaxLenCValue" javaclass="com.wm.util.Values">
          <value name="cDecimalValue">1</value>
        </record>
        <value name="facetFixed">false</value>
      </record>
      <value name="contentType">1</value>
      <value name="internalType">instance</value>
      <value name="ct_class">com.wm.lang.schema.datatypev2.WmString</value>
      <value name="name">string</value>
      <array name="parent-ancestors" type="record" depth="1">
        <record javaclass="com.wm.util.Values">
          <value name="xmlns">http://www.w3.org/2001/XMLSchema</value>
          <value name="ncName">anySimpleType</value>
        </record>
        <record javaclass="com.wm.util.Values">
          <value name="xmlns">http://www.w3.org/2001/XMLSchema</value>
          <value name="ncName">anyType</value>
        </record>
      </array>
      <record name="baseType" javaclass="com.wm.util.Values">
        <record name="whiteSpace" javaclass="com.wm.util.Values">
          <record name="FacetWSCValue" javaclass="com.wm.util.Values">
            <value name="cDecimalValue">3</value>
          </record>
          <value name="facetFixed">false</value>
        </record>
        <value name="contentType">1</value>
        <value name="internalType">instance</value>
        <value name="ct_class">com.wm.lang.schema.datatypev2.WmString</value>
        <value name="dataTypeVersion">dtVersion2</value>
      </record>
      <value name="dataTypeVersion">dtVersion2</value>
    </record>
  </record>
</Values>
</DATA>
</MAPSET>

<MAPSET NAME="Setter" OVERWRITE="true" VARIABLES="false" FIELD="/Alereq01;4;0;spjexamples.records:Alereq01Rec/ALEREQ01;2;0/IDOC;2;1/E1ALER1;2;1/E1ALEQ1;2;1/OBJVALUE;1;0">
  <DATA ENCODING="XMLValues" I18N="true">

<Values version="2.0">
  <value name="xml">MATNR</value>
  <record name="type" javaclass="com.wm.util.Values">
    <value name="node_type">unknown</value>
    <value name="field_name">OBJVALUE</value>
    <value name="field_type">string</value>
    <value name="field_dim">0</value>
    <value name="field_opt">true</value>
    <record name="field_content_type" javaclass="com.wm.util.Values">
      <record name="maxLength" javaclass="com.wm.util.Values">
        <record name="FMaxLenCValue" javaclass="com.wm.util.Values">
          <value name="cDecimalValue">40</value>
        </record>
        <value name="facetFixed">false</value>
      </record>
      <value name="contentType">1</value>
      <value name="internalType">instance</value>
      <value name="ct_class">com.wm.lang.schema.datatypev2.WmString</value>
      <value name="name">string</value>
      <array name="parent-ancestors" type="record" depth="1">
        <record javaclass="com.wm.util.Values">
          <value name="xmlns">http://www.w3.org/2001/XMLSchema</value>
          <value name="ncName">anySimpleType</value>
        </record>
        <record javaclass="com.wm.util.Values">
          <value name="xmlns">http://www.w3.org/2001/XMLSchema</value>
          <value name="ncName">anyType</value>
        </record>
      </array>
      <record name="baseType" javaclass="com.wm.util.Values">
        <record name="whiteSpace" javaclass="com.wm.util.Values">
          <record name="FacetWSCValue" javaclass="com.wm.util.Values">
            <value name="cDecimalValue">3</value>
          </record>
          <value name="facetFixed">false</value>
        </record>
        <value name="contentType">1</value>
        <value name="internalType">instance</value>
        <value name="ct_class">com.wm.lang.schema.datatypev2.WmString</value>
        <value name="dataTypeVersion">dtVersion2</value>
      </record>
      <value name="dataTypeVersion">dtVersion2</value>
    </record>
  </record>
</Values>
</DATA>
</MAPSET>

<MAPSET NAME="Setter" OVERWRITE="true" VARIABLES="false" FIELD="/Alereq01;4;0;spjexamples.records:Alereq01Rec/ALEREQ01;2;0/IDOC;2;1/E1ALER1;2;1/E1ALEQ1;2;1/@SEGMENT;1;0">
  <DATA ENCODING="XMLValues" I18N="true">

<Values version="2.0">
  <value name="xml">1</value>
  <record name="type" javaclass="com.wm.util.Values">
    <value name="node_type">unknown</value>
    <value name="field_name">@SEGMENT</value>
    <value name="field_type">string</value>
    <value name="field_dim">0</value>
    <value name="field_opt">false</value>
    <record name="field_content_type" javaclass="com.wm.util.Values">
      <array name="enumeration" type="record" depth="1">
        <record javaclass="com.wm.util.Values">
          <value name="primitiveType">0</value>
          <value name="lexRep">1</value>
          <value name="isList">false</value>
        </record>
      </array>
      <value name="contentType">1</value>
      <value name="internalType">instance</value>
      <value name="ct_class">com.wm.lang.schema.datatypev2.WmString</value>
      <value name="name">string</value>
      <array name="parent-ancestors" type="record" depth="1">
        <record javaclass="com.wm.util.Values">
          <value name="xmlns">http://www.w3.org/2001/XMLSchema</value>
          <value name="ncName">anySimpleType</value>
        </record>
        <record javaclass="com.wm.util.Values">
          <value name="xmlns">http://www.w3.org/2001/XMLSchema</value>
          <value name="ncName">anyType</value>
        </record>
      </array>
      <record name="baseType" javaclass="com.wm.util.Values">
        <record name="whiteSpace" javaclass="com.wm.util.Values">
          <record name="FacetWSCValue" javaclass="com.wm.util.Values">
            <value name="cDecimalValue">3</value>
          </record>
          <value name="facetFixed">false</value>
        </record>
        <value name="contentType">1</value>
        <value name="internalType">instance</value>
        <value name="ct_class">com.wm.lang.schema.datatypev2.WmString</value>
        <value name="dataTypeVersion">dtVersion2</value>
      </record>
      <value name="dataTypeVersion">dtVersion2</value>
    </record>
  </record>
</Values>
</DATA>
</MAPSET>

<MAPSET NAME="Setter" OVERWRITE="true" VARIABLES="false" FIELD="/Alereq01;4;0;spjexamples.records:Alereq01Rec/ALEREQ01;2;0/IDOC;2;1/E1ALER1;2;1/MESTYP40;1;0">
  <DATA ENCODING="XMLValues" I18N="true">

<Values version="2.0">
  <value name="xml">MATMAS</value>
  <record name="type" javaclass="com.wm.util.Values">
    <value name="node_type">unknown</value>
    <value name="field_name">MESTYP40</value>
    <value name="field_type">string</value>
    <value name="field_dim">0</value>
    <value name="field_opt">true</value>
    <record name="field_content_type" javaclass="com.wm.util.Values">
      <record name="maxLength" javaclass="com.wm.util.Values">
        <record name="FMaxLenCValue" javaclass="com.wm.util.Values">
          <value name="cDecimalValue">30</value>
        </record>
        <value name="facetFixed">false</value>
      </record>
      <value name="contentType">1</value>
      <value name="internalType">instance</value>
      <value name="ct_class">com.wm.lang.schema.datatypev2.WmString</value>
      <value name="name">string</value>
      <array name="parent-ancestors" type="record" depth="1">
        <record javaclass="com.wm.util.Values">
          <value name="xmlns">http://www.w3.org/2001/XMLSchema</value>
          <value name="ncName">anySimpleType</value>
        </record>
        <record javaclass="com.wm.util.Values">
          <value name="xmlns">http://www.w3.org/2001/XMLSchema</value>
          <value name="ncName">anyType</value>
        </record>
      </array>
      <record name="baseType" javaclass="com.wm.util.Values">
        <record name="whiteSpace" javaclass="com.wm.util.Values">
          <record name="FacetWSCValue" javaclass="com.wm.util.Values">
            <value name="cDecimalValue">3</value>
          </record>
          <value name="facetFixed">false</value>
        </record>
        <value name="contentType">1</value>
        <value name="internalType">instance</value>
        <value name="ct_class">com.wm.lang.schema.datatypev2.WmString</value>
        <value name="dataTypeVersion">dtVersion2</value>
      </record>
      <value name="dataTypeVersion">dtVersion2</value>
    </record>
  </record>
</Values>
</DATA>
</MAPSET>

<MAPSET NAME="Setter" OVERWRITE="true" VARIABLES="false" FIELD="/Alereq01;4;0;spjexamples.records:Alereq01Rec/ALEREQ01;2;0/IDOC;2;1/E1ALER1;2;1/MESTYP;1;0">
  <DATA ENCODING="XMLValues" I18N="true">

<Values version="2.0">
  <value name="xml">MATMAS</value>
  <record name="type" javaclass="com.wm.util.Values">
    <value name="node_type">unknown</value>
    <value name="field_name">MESTYP</value>
    <value name="field_type">string</value>
    <value name="field_dim">0</value>
    <value name="field_opt">true</value>
    <record name="field_content_type" javaclass="com.wm.util.Values">
      <record name="maxLength" javaclass="com.wm.util.Values">
        <record name="FMaxLenCValue" javaclass="com.wm.util.Values">
          <value name="cDecimalValue">6</value>
        </record>
        <value name="facetFixed">false</value>
      </record>
      <value name="contentType">1</value>
      <value name="internalType">instance</value>
      <value name="ct_class">com.wm.lang.schema.datatypev2.WmString</value>
      <value name="name">string</value>
      <array name="parent-ancestors" type="record" depth="1">
        <record javaclass="com.wm.util.Values">
          <value name="xmlns">http://www.w3.org/2001/XMLSchema</value>
          <value name="ncName">anySimpleType</value>
        </record>
        <record javaclass="com.wm.util.Values">
          <value name="xmlns">http://www.w3.org/2001/XMLSchema</value>
          <value name="ncName">anyType</value>
        </record>
      </array>
      <record name="baseType" javaclass="com.wm.util.Values">
        <record name="whiteSpace" javaclass="com.wm.util.Values">
          <record name="FacetWSCValue" javaclass="com.wm.util.Values">
            <value name="cDecimalValue">3</value>
          </record>
          <value name="facetFixed">false</value>
        </record>
        <value name="contentType">1</value>
        <value name="internalType">instance</value>
        <value name="ct_class">com.wm.lang.schema.datatypev2.WmString</value>
        <value name="dataTypeVersion">dtVersion2</value>
      </record>
      <value name="dataTypeVersion">dtVersion2</value>
    </record>
  </record>
</Values>
</DATA>
</MAPSET>

<MAPSET NAME="Setter" OVERWRITE="true" VARIABLES="false" FIELD="/Alereq01;4;0;spjexamples.records:Alereq01Rec/ALEREQ01;2;0/IDOC;2;1/E1ALER1;2;1/@SEGMENT;1;0">
  <DATA ENCODING="XMLValues" I18N="true">

<Values version="2.0">
  <value name="xml">1</value>
  <record name="type" javaclass="com.wm.util.Values">
    <value name="node_type">unknown</value>
    <value name="field_name">@SEGMENT</value>
    <value name="field_type">string</value>
    <value name="field_dim">0</value>
    <value name="field_opt">false</value>
    <record name="field_content_type" javaclass="com.wm.util.Values">
      <array name="enumeration" type="record" depth="1">
        <record javaclass="com.wm.util.Values">
          <value name="primitiveType">0</value>
          <value name="lexRep">1</value>
          <value name="isList">false</value>
        </record>
      </array>
      <value name="contentType">1</value>
      <value name="internalType">instance</value>
      <value name="ct_class">com.wm.lang.schema.datatypev2.WmString</value>
      <value name="name">string</value>
      <array name="parent-ancestors" type="record" depth="1">
        <record javaclass="com.wm.util.Values">
          <value name="xmlns">http://www.w3.org/2001/XMLSchema</value>
          <value name="ncName">anySimpleType</value>
        </record>
        <record javaclass="com.wm.util.Values">
          <value name="xmlns">http://www.w3.org/2001/XMLSchema</value>
          <value name="ncName">anyType</value>
        </record>
      </array>
      <record name="baseType" javaclass="com.wm.util.Values">
        <record name="whiteSpace" javaclass="com.wm.util.Values">
          <record name="FacetWSCValue" javaclass="com.wm.util.Values">
            <value name="cDecimalValue">3</value>
          </record>
          <value name="facetFixed">false</value>
        </record>
        <value name="contentType">1</value>
        <value name="internalType">instance</value>
        <value name="ct_class">com.wm.lang.schema.datatypev2.WmString</value>
        <value name="dataTypeVersion">dtVersion2</value>
      </record>
      <value name="dataTypeVersion">dtVersion2</value>
    </record>
  </record>
</Values>
</DATA>
</MAPSET>

<MAPSET NAME="Setter" OVERWRITE="true" VARIABLES="false" FIELD="/Alereq01;4;0;spjexamples.records:Alereq01Rec/ALEREQ01;2;0/IDOC;2;1/EDI_DC40;2;0/TABNAM;1;0">
  <DATA ENCODING="XMLValues" I18N="true">

<Values version="2.0">
  <value name="xml">EDI_DC40</value>
  <record name="type" javaclass="com.wm.util.Values">
    <value name="node_type">unknown</value>
    <value name="field_name">TABNAM</value>
    <value name="field_type">string</value>
    <value name="field_dim">0</value>
    <value name="field_opt">false</value>
    <record name="field_content_type" javaclass="com.wm.util.Values">
      <value name="contentType">1</value>
      <value name="internalType">reference</value>
      <value name="dataTypeVersion">dtVersion2</value>
      <array name="targetNames" type="record" depth="1">
        <record javaclass="com.wm.util.Values">
          <value name="xmlns">http://www.w3.org/2001/XMLSchema</value>
          <value name="ncName">string</value>
        </record>
      </array>
    </record>
  </record>
</Values>
</DATA>
</MAPSET>

<MAPSET NAME="Setter" OVERWRITE="true" VARIABLES="false" FIELD="/Alereq01;4;0;spjexamples.records:Alereq01Rec/ALEREQ01;2;0/IDOC;2;1/EDI_DC40;2;0/@SEGMENT;1;0">
  <DATA ENCODING="XMLValues" I18N="true">

<Values version="2.0">
  <value name="xml">1</value>
  <record name="type" javaclass="com.wm.util.Values">
    <value name="node_type">unknown</value>
    <value name="field_name">@SEGMENT</value>
    <value name="field_type">string</value>
    <value name="field_dim">0</value>
    <value name="field_opt">false</value>
    <record name="field_content_type" javaclass="com.wm.util.Values">
      <array name="enumeration" type="record" depth="1">
        <record javaclass="com.wm.util.Values">
          <value name="primitiveType">0</value>
          <value name="lexRep">1</value>
          <value name="isList">false</value>
        </record>
      </array>
      <value name="contentType">1</value>
      <value name="internalType">instance</value>
      <value name="ct_class">com.wm.lang.schema.datatypev2.WmString</value>
      <value name="name">string</value>
      <array name="parent-ancestors" type="record" depth="1">
        <record javaclass="com.wm.util.Values">
          <value name="xmlns">http://www.w3.org/2001/XMLSchema</value>
          <value name="ncName">anySimpleType</value>
        </record>
        <record javaclass="com.wm.util.Values">
          <value name="xmlns">http://www.w3.org/2001/XMLSchema</value>
          <value name="ncName">anyType</value>
        </record>
      </array>
      <record name="baseType" javaclass="com.wm.util.Values">
        <record name="whiteSpace" javaclass="com.wm.util.Values">
          <record name="FacetWSCValue" javaclass="com.wm.util.Values">
            <value name="cDecimalValue">3</value>
          </record>
          <value name="facetFixed">false</value>
        </record>
        <value name="contentType">1</value>
        <value name="internalType">instance</value>
        <value name="ct_class">com.wm.lang.schema.datatypev2.WmString</value>
        <value name="dataTypeVersion">dtVersion2</value>
      </record>
      <value name="dataTypeVersion">dtVersion2</value>
    </record>
  </record>
</Values>
</DATA>
</MAPSET>

<MAPSET NAME="Setter" OVERWRITE="true" VARIABLES="false" FIELD="/Alereq01;4;0;spjexamples.records:Alereq01Rec/ALEREQ01;2;0/IDOC;2;1/EDI_DC40;2;0/DIRECT;1;0">
  <DATA ENCODING="XMLValues" I18N="true">

<Values version="2.0">
  <value name="xml">2</value>
  <record name="type" javaclass="com.wm.util.Values">
    <value name="node_type">unknown</value>
    <value name="field_name">DIRECT</value>
    <value name="field_type">string</value>
    <value name="field_dim">0</value>
    <value name="field_opt">false</value>
    <record name="field_content_type" javaclass="com.wm.util.Values">
      <array name="enumeration" type="record" depth="1">
        <record javaclass="com.wm.util.Values">
          <value name="primitiveType">0</value>
          <value name="lexRep">1</value>
          <value name="isList">false</value>
        </record>
        <record javaclass="com.wm.util.Values">
          <value name="primitiveType">0</value>
          <value name="lexRep">2</value>
          <value name="isList">false</value>
        </record>
      </array>
      <value name="contentType">1</value>
      <value name="internalType">instance</value>
      <value name="ct_class">com.wm.lang.schema.datatypev2.WmString</value>
      <value name="name">string</value>
      <array name="parent-ancestors" type="record" depth="1">
        <record javaclass="com.wm.util.Values">
          <value name="xmlns">http://www.w3.org/2001/XMLSchema</value>
          <value name="ncName">anySimpleType</value>
        </record>
        <record javaclass="com.wm.util.Values">
          <value name="xmlns">http://www.w3.org/2001/XMLSchema</value>
          <value name="ncName">anyType</value>
        </record>
      </array>
      <record name="baseType" javaclass="com.wm.util.Values">
        <record name="whiteSpace" javaclass="com.wm.util.Values">
          <record name="FacetWSCValue" javaclass="com.wm.util.Values">
            <value name="cDecimalValue">3</value>
          </record>
          <value name="facetFixed">false</value>
        </record>
        <value name="contentType">1</value>
        <value name="internalType">instance</value>
        <value name="ct_class">com.wm.lang.schema.datatypev2.WmString</value>
        <value name="dataTypeVersion">dtVersion2</value>
      </record>
      <value name="dataTypeVersion">dtVersion2</value>
    </record>
  </record>
</Values>
</DATA>
</MAPSET>

<MAPSET NAME="Setter" OVERWRITE="true" VARIABLES="false" FIELD="/Alereq01;4;0;spjexamples.records:Alereq01Rec/ALEREQ01;2;0/IDOC;2;1/EDI_DC40;2;0/SNDPRT;1;0">
  <DATA ENCODING="XMLValues" I18N="true">

<Values version="2.0">
  <value name="xml">LS</value>
  <record name="type" javaclass="com.wm.util.Values">
    <value name="node_type">unknown</value>
    <value name="field_name">SNDPRT</value>
    <value name="field_type">string</value>
    <value name="field_dim">0</value>
    <value name="field_opt">false</value>
    <record name="field_content_type" javaclass="com.wm.util.Values">
      <record name="maxLength" javaclass="com.wm.util.Values">
        <record name="FMaxLenCValue" javaclass="com.wm.util.Values">
          <value name="cDecimalValue">2</value>
        </record>
        <value name="facetFixed">false</value>
      </record>
      <value name="contentType">1</value>
      <value name="internalType">instance</value>
      <value name="ct_class">com.wm.lang.schema.datatypev2.WmString</value>
      <value name="name">string</value>
      <array name="parent-ancestors" type="record" depth="1">
        <record javaclass="com.wm.util.Values">
          <value name="xmlns">http://www.w3.org/2001/XMLSchema</value>
          <value name="ncName">anySimpleType</value>
        </record>
        <record javaclass="com.wm.util.Values">
          <value name="xmlns">http://www.w3.org/2001/XMLSchema</value>
          <value name="ncName">anyType</value>
        </record>
      </array>
      <record name="baseType" javaclass="com.wm.util.Values">
        <record name="whiteSpace" javaclass="com.wm.util.Values">
          <record name="FacetWSCValue" javaclass="com.wm.util.Values">
            <value name="cDecimalValue">3</value>
          </record>
          <value name="facetFixed">false</value>
        </record>
        <value name="contentType">1</value>
        <value name="internalType">instance</value>
        <value name="ct_class">com.wm.lang.schema.datatypev2.WmString</value>
        <value name="dataTypeVersion">dtVersion2</value>
      </record>
      <value name="dataTypeVersion">dtVersion2</value>
    </record>
  </record>
</Values>
</DATA>
</MAPSET>

<MAPSET NAME="Setter" OVERWRITE="true" VARIABLES="false" FIELD="/Alereq01;4;0;spjexamples.records:Alereq01Rec/ALEREQ01;2;0/IDOC;2;1/EDI_DC40;2;0/SNDPRN;1;0">
  <DATA ENCODING="XMLValues" I18N="true">

<Values version="2.0">
  <value name="xml">SPJ</value>
  <record name="type" javaclass="com.wm.util.Values">
    <value name="node_type">unknown</value>
    <value name="field_name">SNDPRN</value>
    <value name="field_type">string</value>
    <value name="field_dim">0</value>
    <value name="field_opt">false</value>
    <record name="field_content_type" javaclass="com.wm.util.Values">
      <record name="maxLength" javaclass="com.wm.util.Values">
        <record name="FMaxLenCValue" javaclass="com.wm.util.Values">
          <value name="cDecimalValue">10</value>
        </record>
        <value name="facetFixed">false</value>
      </record>
      <value name="contentType">1</value>
      <value name="internalType">instance</value>
      <value name="ct_class">com.wm.lang.schema.datatypev2.WmString</value>
      <value name="name">string</value>
      <array name="parent-ancestors" type="record" depth="1">
        <record javaclass="com.wm.util.Values">
          <value name="xmlns">http://www.w3.org/2001/XMLSchema</value>
          <value name="ncName">anySimpleType</value>
        </record>
        <record javaclass="com.wm.util.Values">
          <value name="xmlns">http://www.w3.org/2001/XMLSchema</value>
          <value name="ncName">anyType</value>
        </record>
      </array>
      <record name="baseType" javaclass="com.wm.util.Values">
        <record name="whiteSpace" javaclass="com.wm.util.Values">
          <record name="FacetWSCValue" javaclass="com.wm.util.Values">
            <value name="cDecimalValue">3</value>
          </record>
          <value name="facetFixed">false</value>
        </record>
        <value name="contentType">1</value>
        <value name="internalType">instance</value>
        <value name="ct_class">com.wm.lang.schema.datatypev2.WmString</value>
        <value name="dataTypeVersion">dtVersion2</value>
      </record>
      <value name="dataTypeVersion">dtVersion2</value>
    </record>
  </record>
</Values>
</DATA>
</MAPSET>

<MAPSET NAME="Setter" OVERWRITE="true" VARIABLES="false" FIELD="/Alereq01;4;0;spjexamples.records:Alereq01Rec/ALEREQ01;2;0/IDOC;2;1/EDI_DC40;2;0/MESTYP;1;0">
  <DATA ENCODING="XMLValues" I18N="true">

<Values version="2.0">
  <value name="xml">MATFET</value>
  <record name="type" javaclass="com.wm.util.Values">
    <value name="node_type">unknown</value>
    <value name="field_name">MESTYP</value>
    <value name="field_type">string</value>
    <value name="field_dim">0</value>
    <value name="field_opt">true</value>
    <record name="field_content_type" javaclass="com.wm.util.Values">
      <record name="maxLength" javaclass="com.wm.util.Values">
        <record name="FMaxLenCValue" javaclass="com.wm.util.Values">
          <value name="cDecimalValue">30</value>
        </record>
        <value name="facetFixed">false</value>
      </record>
      <value name="contentType">1</value>
      <value name="internalType">instance</value>
      <value name="ct_class">com.wm.lang.schema.datatypev2.WmString</value>
      <value name="name">string</value>
      <array name="parent-ancestors" type="record" depth="1">
        <record javaclass="com.wm.util.Values">
          <value name="xmlns">http://www.w3.org/2001/XMLSchema</value>
          <value name="ncName">anySimpleType</value>
        </record>
        <record javaclass="com.wm.util.Values">
          <value name="xmlns">http://www.w3.org/2001/XMLSchema</value>
          <value name="ncName">anyType</value>
        </record>
      </array>
      <record name="baseType" javaclass="com.wm.util.Values">
        <record name="whiteSpace" javaclass="com.wm.util.Values">
          <record name="FacetWSCValue" javaclass="com.wm.util.Values">
            <value name="cDecimalValue">3</value>
          </record>
          <value name="facetFixed">false</value>
        </record>
        <value name="contentType">1</value>
        <value name="internalType">instance</value>
        <value name="ct_class">com.wm.lang.schema.datatypev2.WmString</value>
        <value name="dataTypeVersion">dtVersion2</value>
      </record>
      <value name="dataTypeVersion">dtVersion2</value>
    </record>
  </record>
</Values>
</DATA>
</MAPSET>

<MAPSET NAME="Setter" OVERWRITE="true" VARIABLES="false" FIELD="/Alereq01;4;0;spjexamples.records:Alereq01Rec/ALEREQ01;2;0/IDOC;2;1/EDI_DC40;2;0/IDOCTYP;1;0">
  <DATA ENCODING="XMLValues" I18N="true">

<Values version="2.0">
  <value name="xml">ALEREQ01</value>
  <record name="type" javaclass="com.wm.util.Values">
    <value name="node_type">unknown</value>
    <value name="field_name">IDOCTYP</value>
    <value name="field_type">string</value>
    <value name="field_dim">0</value>
    <value name="field_opt">false</value>
    <record name="field_content_type" javaclass="com.wm.util.Values">
      <value name="contentType">1</value>
      <value name="internalType">reference</value>
      <value name="dataTypeVersion">dtVersion2</value>
      <array name="targetNames" type="record" depth="1">
        <record javaclass="com.wm.util.Values">
          <value name="xmlns">http://www.w3.org/2001/XMLSchema</value>
          <value name="ncName">string</value>
        </record>
      </array>
    </record>
  </record>
</Values>
</DATA>
</MAPSET>

<MAPSET NAME="Setter" OVERWRITE="true" VARIABLES="false" FIELD="/Alereq01;4;0;spjexamples.records:Alereq01Rec/ALEREQ01;2;0/IDOC;2;1/@BEGIN;1;0">
  <DATA ENCODING="XMLValues" I18N="true">

<Values version="2.0">
  <value name="xml">1</value>
  <record name="type" javaclass="com.wm.util.Values">
    <value name="node_type">unknown</value>
    <value name="field_name">@BEGIN</value>
    <value name="field_type">string</value>
    <value name="field_dim">0</value>
    <value name="field_opt">false</value>
    <record name="field_content_type" javaclass="com.wm.util.Values">
      <array name="enumeration" type="record" depth="1">
        <record javaclass="com.wm.util.Values">
          <value name="primitiveType">0</value>
          <value name="lexRep">1</value>
          <value name="isList">false</value>
        </record>
      </array>
      <value name="contentType">1</value>
      <value name="internalType">instance</value>
      <value name="ct_class">com.wm.lang.schema.datatypev2.WmString</value>
      <value name="name">string</value>
      <array name="parent-ancestors" type="record" depth="1">
        <record javaclass="com.wm.util.Values">
          <value name="xmlns">http://www.w3.org/2001/XMLSchema</value>
          <value name="ncName">anySimpleType</value>
        </record>
        <record javaclass="com.wm.util.Values">
          <value name="xmlns">http://www.w3.org/2001/XMLSchema</value>
          <value name="ncName">anyType</value>
        </record>
      </array>
      <record name="baseType" javaclass="com.wm.util.Values">
        <record name="whiteSpace" javaclass="com.wm.util.Values">
          <record name="FacetWSCValue" javaclass="com.wm.util.Values">
            <value name="cDecimalValue">3</value>
          </record>
          <value name="facetFixed">false</value>
        </record>
        <value name="contentType">1</value>
        <value name="internalType">instance</value>
        <value name="ct_class">com.wm.lang.schema.datatypev2.WmString</value>
        <value name="dataTypeVersion">dtVersion2</value>
      </record>
      <value name="dataTypeVersion">dtVersion2</value>
    </record>
  </record>
</Values>
</DATA>
</MAPSET>

<MAPDELETE NAME="Dropper" FIELD="/MaterialDataRequest;4;0;spjexamples.records:MaterialDataRequestRec">
</MAPDELETE>
</MAP>

<INVOKE TIMEOUT="" SERVICE="pub.sap.idoc:transformHierarchyToFlat" VALIDATE-IN="$none" VALIDATE-OUT="$none">
  <COMMENT></COMMENT>

  <!-- nodes -->

<MAP MODE="INPUT">
  <MAPTARGET>

<Values version="2.0">
  <record name="xml" javaclass="com.wm.util.Values">
    <value name="node_type">record</value>
    <value name="field_name">transformHierarchyToFlatInput</value>
    <value name="field_type">record</value>
    <value name="field_dim">0</value>
    <value name="field_opt">false</value>
    <array name="rec_fields" type="record" depth="1">
      <record javaclass="com.wm.util.Values">
        <value name="node_type">record</value>
        <value name="field_name">boundNode</value>
        <value name="field_type">record</value>
        <value name="field_dim">0</value>
        <value name="field_opt">false</value>
        <list name="rec_fields">
        </list>
        <value name="rec_closed">false</value>
      </record>
    </array>
    <value name="rec_closed">false</value>
  </record>
</Values>
</MAPTARGET>
  <MAPSOURCE>

<Values version="2.0">
  <record name="xml" javaclass="com.wm.util.Values">
    <value name="node_type">record</value>
    <value name="field_type">record</value>
    <value name="field_dim">0</value>
    <value name="field_opt">false</value>
    <array name="rec_fields" type="record" depth="1">
      <record javaclass="com.wm.util.Values">
        <value name="node_type">record</value>
        <value name="field_name">Alereq01</value>
        <value name="field_type">recref</value>
        <value name="field_dim">0</value>
        <value name="field_opt">false</value>
        <value name="rec_closed">false</value>
        <value name="rec_ref">spjexamples.records:Alereq01Rec</value>
      </record>
    </array>
    <value name="rec_closed">false</value>
  </record>
</Values>
</MAPSOURCE>

  <!-- nodes -->

<MAPCOPY NAME="Link" FROM="/Alereq01;4;0;spjexamples.records:Alereq01Rec" TO="/boundNode;2;0">
</MAPCOPY>
</MAP>

<MAP MODE="OUTPUT">
  <MAPTARGET>

<Values version="2.0">
  <record name="xml" javaclass="com.wm.util.Values">
    <value name="node_type">record</value>
    <value name="field_type">record</value>
    <value name="field_dim">0</value>
    <value name="field_opt">false</value>
    <array name="rec_fields" type="record" depth="1">
      <record javaclass="com.wm.util.Values">
        <value name="node_type">record</value>
        <value name="field_name">boundNode</value>
        <value name="field_type">record</value>
        <value name="field_dim">0</value>
        <value name="field_opt">false</value>
        <list name="rec_fields">
        </list>
        <value name="rec_closed">false</value>
      </record>
      <record javaclass="com.wm.util.Values">
        <value name="node_type">record</value>
        <value name="field_name">Alereq01</value>
        <value name="field_type">recref</value>
        <value name="field_dim">0</value>
        <value name="field_opt">false</value>
        <value name="rec_closed">false</value>
        <value name="rec_ref">spjexamples.records:Alereq01Rec</value>
      </record>
      <record javaclass="com.wm.util.Values">
        <value name="node_type">record</value>
        <value name="field_name">IDOC_CONTROL_REC_40</value>
        <value name="field_type">record</value>
        <value name="field_dim">1</value>
        <value name="field_opt">true</value>
        <list name="rec_fields">
        </list>
        <value name="rec_closed">false</value>
      </record>
      <record javaclass="com.wm.util.Values">
        <value name="node_type">record</value>
        <value name="field_name">IDOC_DATA_REC_40</value>
        <value name="field_type">record</value>
        <value name="field_dim">1</value>
        <value name="field_opt">true</value>
        <list name="rec_fields">
        </list>
        <value name="rec_closed">false</value>
      </record>
      <record javaclass="com.wm.util.Values">
        <value name="node_type">record</value>
        <value name="field_name">IDOC_CONTROL</value>
        <value name="field_type">record</value>
        <value name="field_dim">1</value>
        <value name="field_opt">true</value>
        <list name="rec_fields">
        </list>
        <value name="rec_closed">false</value>
      </record>
      <record javaclass="com.wm.util.Values">
        <value name="node_type">record</value>
        <value name="field_name">IDOC_DATA</value>
        <value name="field_type">record</value>
        <value name="field_dim">1</value>
        <value name="field_opt">true</value>
        <list name="rec_fields">
        </list>
        <value name="rec_closed">false</value>
      </record>
    </array>
    <value name="rec_closed">false</value>
  </record>
</Values>
</MAPTARGET>
  <MAPSOURCE>

<Values version="2.0">
  <record name="xml" javaclass="com.wm.util.Values">
    <value name="node_type">record</value>
    <value name="field_name">transformHierarchyToFlatOutput</value>
    <value name="field_type">record</value>
    <value name="field_dim">0</value>
    <value name="field_opt">false</value>
    <list name="rec_fields">
    </list>
    <value name="rec_closed">false</value>
  </record>
</Values>
</MAPSOURCE>

  <!-- nodes -->

<MAPDELETE NAME="Dropper" FIELD="/Alereq01;4;0;spjexamples.records:Alereq01Rec">
</MAPDELETE>

<MAPDELETE NAME="Dropper" FIELD="/boundNode;2;0">
</MAPDELETE>
</MAP>
</INVOKE>

<INVOKE TIMEOUT="" SERVICE="spjexamples.util:getConfigValue" VALIDATE-IN="$none" VALIDATE-OUT="$none">
  <COMMENT></COMMENT>

  <!-- nodes -->

<MAP MODE="INPUT">
  <MAPTARGET>

<Values version="2.0">
  <record name="xml" javaclass="com.wm.util.Values">
    <value name="node_type">record</value>
    <value name="field_type">record</value>
    <value name="field_dim">0</value>
    <value name="field_opt">false</value>
    <array name="rec_fields" type="record" depth="1">
      <record javaclass="com.wm.util.Values">
        <value name="node_type">record</value>
        <value name="field_name">configKey</value>
        <value name="field_type">string</value>
        <value name="field_dim">0</value>
        <value name="field_opt">false</value>
      </record>
      <record javaclass="com.wm.util.Values">
        <value name="node_type">record</value>
        <value name="field_name">defaultConfigValue</value>
        <value name="field_type">string</value>
        <value name="field_dim">0</value>
        <value name="field_opt">false</value>
      </record>
      <record javaclass="com.wm.util.Values">
        <value name="node_type">unknown</value>
        <value name="field_name">configFilename</value>
        <value name="field_type">string</value>
        <value name="field_dim">0</value>
        <value name="field_opt">false</value>
      </record>
    </array>
    <value name="rec_closed">false</value>
  </record>
</Values>
</MAPTARGET>
  <MAPSOURCE>

<Values version="2.0">
  <record name="xml" javaclass="com.wm.util.Values">
    <value name="node_type">record</value>
    <value name="field_type">record</value>
    <value name="field_dim">0</value>
    <value name="field_opt">false</value>
    <list name="rec_fields">
    </list>
    <value name="rec_closed">false</value>
  </record>
</Values>
</MAPSOURCE>

  <!-- nodes -->

<MAPSET NAME="Setter" OVERWRITE="true" VARIABLES="false" FIELD="/configKey;1;0">
  <DATA ENCODING="XMLValues" I18N="true">

<Values version="2.0">
  <value name="xml">sapdest</value>
  <record name="type" javaclass="com.wm.util.Values">
    <value name="node_type">record</value>
    <value name="field_name">configKey</value>
    <value name="field_type">string</value>
    <value name="field_dim">0</value>
    <value name="field_opt">false</value>
  </record>
</Values>
</DATA>
</MAPSET>

<MAPSET NAME="Setter" OVERWRITE="true" VARIABLES="false" FIELD="/defaultConfigValue;1;0">
  <DATA ENCODING="XMLValues" I18N="true">

<Values version="2.0">
  <value name="xml">SID</value>
  <record name="type" javaclass="com.wm.util.Values">
    <value name="node_type">record</value>
    <value name="field_name">defaultConfigValue</value>
    <value name="field_type">string</value>
    <value name="field_dim">0</value>
    <value name="field_opt">false</value>
  </record>
</Values>
</DATA>
</MAPSET>
</MAP>

<MAP MODE="OUTPUT">
  <MAPTARGET>

<Values version="2.0">
  <record name="xml" javaclass="com.wm.util.Values">
    <value name="node_type">record</value>
    <value name="field_type">record</value>
    <value name="field_dim">0</value>
    <value name="field_opt">false</value>
    <array name="rec_fields" type="record" depth="1">
      <record javaclass="com.wm.util.Values">
        <value name="node_type">unknown</value>
        <value name="field_name">configFilename</value>
        <value name="field_type">string</value>
        <value name="field_dim">0</value>
        <value name="field_opt">false</value>
      </record>
      <record javaclass="com.wm.util.Values">
        <value name="node_type">unknown</value>
        <value name="field_name">configKey</value>
        <value name="field_type">string</value>
        <value name="field_dim">0</value>
        <value name="field_opt">false</value>
      </record>
      <record javaclass="com.wm.util.Values">
        <value name="node_type">unknown</value>
        <value name="field_name">defaultConfigValue</value>
        <value name="field_type">string</value>
        <value name="field_dim">0</value>
        <value name="field_opt">false</value>
      </record>
      <record javaclass="com.wm.util.Values">
        <value name="node_type">record</value>
        <value name="field_name">IDOC_CONTROL_REC_40</value>
        <value name="field_type">record</value>
        <value name="field_dim">1</value>
        <value name="field_opt">true</value>
        <list name="rec_fields">
        </list>
        <value name="rec_closed">false</value>
      </record>
      <record javaclass="com.wm.util.Values">
        <value name="node_type">record</value>
        <value name="field_name">IDOC_DATA_REC_40</value>
        <value name="field_type">record</value>
        <value name="field_dim">1</value>
        <value name="field_opt">true</value>
        <list name="rec_fields">
        </list>
        <value name="rec_closed">false</value>
      </record>
      <record javaclass="com.wm.util.Values">
        <value name="node_type">record</value>
        <value name="field_name">IDOC_CONTROL</value>
        <value name="field_type">record</value>
        <value name="field_dim">1</value>
        <value name="field_opt">true</value>
        <list name="rec_fields">
        </list>
        <value name="rec_closed">false</value>
      </record>
      <record javaclass="com.wm.util.Values">
        <value name="node_type">record</value>
        <value name="field_name">IDOC_DATA</value>
        <value name="field_type">record</value>
        <value name="field_dim">1</value>
        <value name="field_opt">true</value>
        <list name="rec_fields">
        </list>
        <value name="rec_closed">false</value>
      </record>
      <record javaclass="com.wm.util.Values">
        <value name="node_type">record</value>
        <value name="field_name">configValue</value>
        <value name="field_type">string</value>
        <value name="field_dim">0</value>
        <value name="field_opt">false</value>
      </record>
      <record javaclass="com.wm.util.Values">
        <value name="node_type">unknown</value>
        <value name="field_name">serverName</value>
        <value name="field_type">string</value>
        <value name="field_dim">0</value>
        <value name="field_opt">false</value>
      </record>
    </array>
    <value name="rec_closed">false</value>
  </record>
</Values>
</MAPTARGET>
  <MAPSOURCE>

<Values version="2.0">
  <record name="xml" javaclass="com.wm.util.Values">
    <value name="node_type">record</value>
    <value name="field_type">record</value>
    <value name="field_dim">0</value>
    <value name="field_opt">false</value>
    <array name="rec_fields" type="record" depth="1">
      <record javaclass="com.wm.util.Values">
        <value name="node_type">record</value>
        <value name="field_name">configValue</value>
        <value name="field_type">string</value>
        <value name="field_dim">0</value>
        <value name="field_opt">false</value>
      </record>
    </array>
    <value name="rec_closed">false</value>
  </record>
</Values>
</MAPSOURCE>

  <!-- nodes -->

<MAPCOPY NAME="Link" FROM="/configValue;1;0" TO="/serverName;1;0">
</MAPCOPY>

<MAPDELETE NAME="Dropper" FIELD="/configValue;1;0">
</MAPDELETE>

<MAPDELETE NAME="Dropper" FIELD="/configFilename;1;0">
</MAPDELETE>

<MAPDELETE NAME="Dropper" FIELD="/configKey;1;0">
</MAPDELETE>

<MAPDELETE NAME="Dropper" FIELD="/defaultConfigValue;1;0">
</MAPDELETE>
</MAP>
</INVOKE>

<INVOKE TIMEOUT="" SERVICE="pub.sap.transport.ALE:OutboundProcess" VALIDATE-IN="$none" VALIDATE-OUT="$none">
  <COMMENT></COMMENT>

  <!-- nodes -->

<MAP MODE="INPUT">
  <MAPTARGET>

<Values version="2.0">
  <record name="xml" javaclass="com.wm.util.Values">
    <value name="node_type">record</value>
    <value name="field_name">OutboundProcessInput</value>
    <value name="field_type">record</value>
    <value name="field_dim">0</value>
    <value name="field_opt">false</value>
    <array name="rec_fields" type="record" depth="1">
      <record javaclass="com.wm.util.Values">
        <value name="node_type">record</value>
        <value name="field_name">transportParams</value>
        <value name="field_type">record</value>
        <value name="field_dim">0</value>
        <value name="field_opt">false</value>
        <array name="rec_fields" type="record" depth="1">
          <record javaclass="com.wm.util.Values">
            <value name="node_type">unknown</value>
            <value name="field_name">server</value>
            <value name="field_type">string</value>
            <value name="field_dim">0</value>
            <value name="field_opt">false</value>
          </record>
        </array>
        <value name="rec_closed">false</value>
      </record>
      <record javaclass="com.wm.util.Values">
        <value name="node_type">record</value>
        <value name="field_name">IDOC_CONTROL</value>
        <value name="field_type">record</value>
        <value name="field_dim">1</value>
        <value name="field_opt">true</value>
        <list name="rec_fields">
        </list>
        <value name="rec_closed">false</value>
      </record>
      <record javaclass="com.wm.util.Values">
        <value name="node_type">record</value>
        <value name="field_name">IDOC_DATA</value>
        <value name="field_type">record</value>
        <value name="field_dim">1</value>
        <value name="field_opt">true</value>
        <list name="rec_fields">
        </list>
        <value name="rec_closed">false</value>
      </record>
      <record javaclass="com.wm.util.Values">
        <value name="node_type">record</value>
        <value name="field_name">IDOC_CONTROL_REC_40</value>
        <value name="field_type">record</value>
        <value name="field_dim">1</value>
        <value name="field_opt">true</value>
        <list name="rec_fields">
        </list>
        <value name="rec_closed">false</value>
      </record>
      <record javaclass="com.wm.util.Values">
        <value name="node_type">record</value>
        <value name="field_name">IDOC_DATA_REC_40</value>
        <value name="field_type">record</value>
        <value name="field_dim">1</value>
        <value name="field_opt">true</value>
        <list name="rec_fields">
        </list>
        <value name="rec_closed">false</value>
      </record>
      <record javaclass="com.wm.util.Values">
        <value name="node_type">unknown</value>
        <value name="field_name">$action</value>
        <value name="field_type">string</value>
        <value name="field_dim">0</value>
        <value name="field_opt">true</value>
      </record>
      <record javaclass="com.wm.util.Values">
        <value name="node_type">unknown</value>
        <value name="field_name">$tid</value>
        <value name="field_type">string</value>
        <value name="field_dim">0</value>
        <value name="field_opt">true</value>
      </record>
    </array>
    <value name="rec_closed">false</value>
  </record>
</Values>
</MAPTARGET>
  <MAPSOURCE>

<Values version="2.0">
  <record name="xml" javaclass="com.wm.util.Values">
    <value name="node_type">record</value>
    <value name="field_type">record</value>
    <value name="field_dim">0</value>
    <value name="field_opt">false</value>
    <array name="rec_fields" type="record" depth="1">
      <record javaclass="com.wm.util.Values">
        <value name="node_type">record</value>
        <value name="field_name">IDOC_CONTROL_REC_40</value>
        <value name="field_type">record</value>
        <value name="field_dim">1</value>
        <value name="field_opt">true</value>
        <list name="rec_fields">
        </list>
        <value name="rec_closed">false</value>
      </record>
      <record javaclass="com.wm.util.Values">
        <value name="node_type">record</value>
        <value name="field_name">IDOC_DATA_REC_40</value>
        <value name="field_type">record</value>
        <value name="field_dim">1</value>
        <value name="field_opt">true</value>
        <list name="rec_fields">
        </list>
        <value name="rec_closed">false</value>
      </record>
      <record javaclass="com.wm.util.Values">
        <value name="node_type">record</value>
        <value name="field_name">IDOC_CONTROL</value>
        <value name="field_type">record</value>
        <value name="field_dim">1</value>
        <value name="field_opt">true</value>
        <list name="rec_fields">
        </list>
        <value name="rec_closed">false</value>
      </record>
      <record javaclass="com.wm.util.Values">
        <value name="node_type">record</value>
        <value name="field_name">IDOC_DATA</value>
        <value name="field_type">record</value>
        <value name="field_dim">1</value>
        <value name="field_opt">true</value>
        <list name="rec_fields">
        </list>
        <value name="rec_closed">false</value>
      </record>
      <record javaclass="com.wm.util.Values">
        <value name="node_type">unknown</value>
        <value name="field_name">serverName</value>
        <value name="field_type">string</value>
        <value name="field_dim">0</value>
        <value name="field_opt">false</value>
      </record>
    </array>
    <value name="rec_closed">false</value>
  </record>
</Values>
</MAPSOURCE>

  <!-- nodes -->

<MAPCOPY NAME="Link" FROM="/serverName;1;0" TO="/transportParams;2;0/server;1;0">
</MAPCOPY>
</MAP>

<MAP MODE="OUTPUT">
</MAP>
</INVOKE>
</FLOW>
