﻿<?xml version="1.0" encoding="utf-8"?><Canvas xmlns="http://schemas.microsoft.com/client/2007" xmlns:x="http://schemas.microsoft.com/winfx/2006/xaml" Visibility="Collapsed" x:Name="Frame_9" Canvas.ZIndex="8" Tag="stopprevsnd:true"><Canvas Width="1032" Height="742" Canvas.Left="0" Canvas.Top="0"><Canvas><Rectangle Width="1032" Height="742" Fill="#FF808080" /><Rectangle Width="1032" Height="742" Fill="#FFA9A9A9" Opacity="1" /><Image Source="Data/Images/4.jpg" Canvas.Left="0" Canvas.Top="0" /></Canvas><Canvas Canvas.Left="367" Width="226" Canvas.Top="329" Height="89" x:Name="Frame_9_Shape_0" Tag="type:'BubbleShape'"><Canvas Width="222" Height="85" Canvas.Left="4" Canvas.Top="4"><Path Fill="#FF696969" Opacity="0.300000011920929" Stroke="#FF000000" StrokeThickness="0"><Path.Data><PathGeometry><PathGeometry.Figures><PathFigure StartPoint="10,0"><PathFigure.Segments><LineSegment Point="155,0" /><ArcSegment SweepDirection="Clockwise" IsLargeArc="False" Size="10,10" Point="165,10" /><LineSegment Point="165,32" /><LineSegment Point="222,16" /><LineSegment Point="165,53" /><LineSegment Point="165,75" /><ArcSegment SweepDirection="Clockwise" IsLargeArc="False" Size="10,10" Point="155,85" /><LineSegment Point="10,85" /><ArcSegment SweepDirection="Clockwise" IsLargeArc="False" Size="10,10" Point="0,75" /><LineSegment Point="0,10" /><ArcSegment SweepDirection="Clockwise" IsLargeArc="False" Size="10,10" Point="10,0" /></PathFigure.Segments></PathFigure></PathGeometry.Figures></PathGeometry></Path.Data></Path></Canvas><Canvas Width="222" Height="85" Canvas.Left="0" Canvas.Top="0"><Path Stroke="#FF008000" StrokeThickness="1" Opacity="1"><Path.Data><PathGeometry><PathGeometry.Figures><PathFigure StartPoint="10,0"><PathFigure.Segments><LineSegment Point="155,0" /><ArcSegment SweepDirection="Clockwise" IsLargeArc="False" Size="10,10" Point="165,10" /><LineSegment Point="165,32" /><LineSegment Point="222,16" /><LineSegment Point="165,53" /><LineSegment Point="165,75" /><ArcSegment SweepDirection="Clockwise" IsLargeArc="False" Size="10,10" Point="155,85" /><LineSegment Point="10,85" /><ArcSegment SweepDirection="Clockwise" IsLargeArc="False" Size="10,10" Point="0,75" /><LineSegment Point="0,10" /><ArcSegment SweepDirection="Clockwise" IsLargeArc="False" Size="10,10" Point="10,0" /></PathFigure.Segments></PathFigure></PathGeometry.Figures></PathGeometry></Path.Data><Path.Fill><LinearGradientBrush StartPoint="0,0" EndPoint="0,1"><GradientStop Color="#FFFFFFFF" Offset="0" /><GradientStop Color="#FFEEEEEE" Offset="1" /></LinearGradientBrush></Path.Fill></Path><Image Source="Data/Images/text28a33afd37c2b69d3502afd36cb8be30.png" Canvas.Left="4.5" Canvas.Top="4.5" /></Canvas></Canvas><Canvas x:Name="Frame_9_Shape_1" Canvas.Left="414" Canvas.Top="381" Width="68" Height="22" Tag="type:'ButtonShape',action:'GotoNext'"><Canvas Canvas.Left="0" Canvas.Top="0" Width="68" Height="22" MouseEnter="FMimicOnShapeForegroundMouseEnter" MouseLeave="FMimicOnShapeForegroundMouseLeave" MouseLeftButtonDown="FMimicOnShapeForegroundMouseLeftDown" MouseLeftButtonUp="FMimicOnShapeForegroundMouseLeftUp" Cursor="Hand"><Canvas x:Name="Frame_9_Shape_1_Hover" Opacity="0"><Rectangle RadiusX="7" RadiusY="7" Width="68" Height="22" Stroke="#FFFFA500" StrokeThickness="1" Opacity="1"><Rectangle.Fill><LinearGradientBrush StartPoint="0,0" EndPoint="0,1"><GradientStop Color="#FFFFFFFF" Offset="0" /><GradientStop Color="#FFEEEEEE" Offset="1" /></LinearGradientBrush></Rectangle.Fill></Rectangle><Image Source="Data/Images/text49c5d01eb876258c9b5e3a2ad4726f8c.png" Canvas.Left="4.5" Canvas.Top="4.5" /></Canvas><Canvas x:Name="Frame_9_Shape_1_Pressed" Opacity="0"><Rectangle RadiusX="7" RadiusY="7" Width="68" Height="22" Stroke="#FFFFA500" StrokeThickness="1" Opacity="1"><Rectangle.Fill><LinearGradientBrush StartPoint="0,0" EndPoint="0,1"><GradientStop Color="#FFC0C0C0" Offset="0" /><GradientStop Color="#FFFFFFFF" Offset="1" /></LinearGradientBrush></Rectangle.Fill></Rectangle><Image Source="Data/Images/text49c5d01eb876258c9b5e3a2ad4726f8c.png" Canvas.Left="4.5" Canvas.Top="4.5" /></Canvas><Canvas x:Name="Frame_9_Shape_1_Normal"><Rectangle RadiusX="7" RadiusY="7" Width="68" Height="22" Stroke="#FF4169E1" StrokeThickness="1" Opacity="1"><Rectangle.Fill><LinearGradientBrush StartPoint="0,0" EndPoint="0,1"><GradientStop Color="#FFFFFFFF" Offset="0" /><GradientStop Color="#FFEEEEEE" Offset="1" /></LinearGradientBrush></Rectangle.Fill></Rectangle><Image Source="Data/Images/text49c5d01eb876258c9b5e3a2ad4726f8c.png" Canvas.Left="4.5" Canvas.Top="4.5" /></Canvas></Canvas></Canvas><Canvas x:Name="Frame_9_Shape_3" Canvas.Left="408" Canvas.Top="192" Width="350" Height="16" Tag="type:'RectangleShape'"><Canvas Canvas.Left="0" Canvas.Top="0" Width="350" Height="16"><Rectangle Width="350" Height="16" Stroke="#FF000000" StrokeThickness="0" Fill="#FFD3D3D3" Opacity="1" /><Image Source="Data/Images/texte0771565ffd5a7e97ad7ac8db8723bb5.png" Canvas.Left="4.5" Canvas.Top="4.5" /></Canvas></Canvas><Canvas x:Name="Frame_9_Shape_4" Canvas.Left="409" Canvas.Top="163" Width="350" Height="16" Tag="type:'RectangleShape'"><Canvas Canvas.Left="0" Canvas.Top="0" Width="350" Height="16"><Rectangle Width="350" Height="16" Stroke="#FF000000" StrokeThickness="0" Fill="#FFD3D3D3" Opacity="1" /><Image Source="Data/Images/textb49cf2e7e09dde788fc1006c7412dadd.png" Canvas.Left="4.5" Canvas.Top="4.5" /></Canvas></Canvas></Canvas><Canvas.Resources><Storyboard x:Name="Frame_9_Animation" /></Canvas.Resources></Canvas>