﻿<?xml version="1.0" encoding="utf-8"?><Canvas xmlns="http://schemas.microsoft.com/client/2007" xmlns:x="http://schemas.microsoft.com/winfx/2006/xaml" Visibility="Collapsed" x:Name="Frame_12" Canvas.ZIndex="11" Tag="stopprevsnd:true"><Canvas Width="1032" Height="742" Canvas.Left="0" Canvas.Top="0"><Canvas><Rectangle Width="1032" Height="742" Fill="#FF808080" /><Rectangle Width="1032" Height="742" Fill="#FFA9A9A9" Opacity="1" /><Image Source="Data/Images/7.jpg" Canvas.Left="0" Canvas.Top="0" /></Canvas><Canvas x:Name="Frame_12_Shape_0" Canvas.Left="347" Canvas.Top="321" Width="337" Height="100" Tag="type:'RectangleShape'"><Canvas Canvas.Left="0" Canvas.Top="0" Width="337" Height="100"><Rectangle Width="337" Height="100" Stroke="#FF008000" StrokeThickness="2" Opacity="1"><Rectangle.Fill><LinearGradientBrush StartPoint="0,0" EndPoint="0,1"><GradientStop Color="#FFFFFFFF" Offset="0" /><GradientStop Color="#FFEEEEEE" Offset="1" /></LinearGradientBrush></Rectangle.Fill></Rectangle><Image Source="Data/Images/text7a7791943d7aa992d407ab9cb0411a49.png" Canvas.Left="4.5" Canvas.Top="4.5" /></Canvas></Canvas><Canvas x:Name="Frame_12_Shape_1" Canvas.Left="446" Canvas.Top="375" Width="146" Height="22" Tag="type:'ButtonShape',action:'Open',actionArg:'../Create a Web Definition.movief/Create a Web Definition_Section.htm'"><Canvas Canvas.Left="0" Canvas.Top="0" Width="146" Height="22" MouseEnter="FMimicOnShapeForegroundMouseEnter" MouseLeave="FMimicOnShapeForegroundMouseLeave" MouseLeftButtonDown="FMimicOnShapeForegroundMouseLeftDown" MouseLeftButtonUp="FMimicOnShapeForegroundMouseLeftUp" Cursor="Hand"><Canvas x:Name="Frame_12_Shape_1_Hover" Opacity="0"><Rectangle RadiusX="7" RadiusY="7" Width="146" Height="22" Stroke="#FFFFA500" StrokeThickness="1" Opacity="1"><Rectangle.Fill><LinearGradientBrush StartPoint="0,0" EndPoint="0,1"><GradientStop Color="#FFFFFFFF" Offset="0" /><GradientStop Color="#FFEEEEEE" Offset="1" /></LinearGradientBrush></Rectangle.Fill></Rectangle><Image Source="Data/Images/textc3eb190d5167aa5d432259fd8d078e84.png" Canvas.Left="4.5" Canvas.Top="4.5" /></Canvas><Canvas x:Name="Frame_12_Shape_1_Pressed" Opacity="0"><Rectangle RadiusX="7" RadiusY="7" Width="146" Height="22" Stroke="#FFFFA500" StrokeThickness="1" Opacity="1"><Rectangle.Fill><LinearGradientBrush StartPoint="0,0" EndPoint="0,1"><GradientStop Color="#FFC0C0C0" Offset="0" /><GradientStop Color="#FFFFFFFF" Offset="1" /></LinearGradientBrush></Rectangle.Fill></Rectangle><Image Source="Data/Images/textc3eb190d5167aa5d432259fd8d078e84.png" Canvas.Left="4.5" Canvas.Top="4.5" /></Canvas><Canvas x:Name="Frame_12_Shape_1_Normal"><Rectangle RadiusX="7" RadiusY="7" Width="146" Height="22" Stroke="#FF4169E1" StrokeThickness="1" Opacity="1"><Rectangle.Fill><LinearGradientBrush StartPoint="0,0" EndPoint="0,1"><GradientStop Color="#FFFFFFFF" Offset="0" /><GradientStop Color="#FFEEEEEE" Offset="1" /></LinearGradientBrush></Rectangle.Fill></Rectangle><Image Source="Data/Images/textc3eb190d5167aa5d432259fd8d078e84.png" Canvas.Left="4.5" Canvas.Top="4.5" /></Canvas></Canvas></Canvas></Canvas><Canvas.Resources><Storyboard x:Name="Frame_12_Animation" /></Canvas.Resources></Canvas>