﻿<?xml version="1.0" encoding="utf-8"?><Canvas xmlns="http://schemas.microsoft.com/client/2007" xmlns:x="http://schemas.microsoft.com/winfx/2006/xaml" Visibility="Collapsed" x:Name="Frame_10" Canvas.ZIndex="9" Tag="stopprevsnd:true"><Canvas Width="1032" Height="742" Canvas.Left="0" Canvas.Top="0"><Canvas><Rectangle Width="1032" Height="742" Fill="#FF808080" /><Rectangle Width="1032" Height="742" Fill="#FFA9A9A9" Opacity="1" /><Image Source="Data/Images/5.jpg" Canvas.Left="0" Canvas.Top="0" /></Canvas><Canvas x:Name="Frame_10_Shape_0" Canvas.Left="588" Canvas.Top="199" Width="48" Height="48" Tag="type:'CursorOvalShape',endAction:'GotoNext'"><Canvas Canvas.Left="0" Canvas.Top="0" Width="48" Height="48"><Ellipse Width="48" Height="48" Stroke="#FF000000" StrokeThickness="0" Fill="#FF6EEB00" Opacity="0.100000023841858" x:Name="Frame_10_Shape_0_Ellipse" /><Image Source="Data/Images/arrow-cursor.png" Canvas.Left="14" Canvas.Top="14" /></Canvas><MediaElement x:Name="Frame_10_Shape_0_Sound" AutoPlay="False" Source="Data/Sounds/sound-525553912.mp3" /><Canvas.Resources><Storyboard Completed="FMimicOnShapeAnimationCompleted" x:Name="Frame_10_Shape_0_Animation"><DoubleAnimationUsingKeyFrames Storyboard.TargetName="Frame_10_Shape_0" Storyboard.TargetProperty="(Canvas.Left)" BeginTime="0:0:0" Duration="0:0:0.6"><SplineDoubleKeyFrame Value="721" KeySpline="0.333333333333333,0.496240601503759 0.666666666666667,1" KeyTime="0:0:0.6" /></DoubleAnimationUsingKeyFrames><DoubleAnimationUsingKeyFrames Storyboard.TargetName="Frame_10_Shape_0" Storyboard.TargetProperty="(Canvas.Top)" BeginTime="0:0:0" Duration="0:0:0.6"><SplineDoubleKeyFrame Value="110" KeySpline="0.333333333333333,0 0.666666666666667,0.50561797752809" KeyTime="0:0:0.6" /></DoubleAnimationUsingKeyFrames><Storyboard x:Name="Frame_10_Shape_0_BeginCursorClick" BeginTime="0:0:0.6" Duration="0:0:0" Completed="FMimicOnCursorClick" /><DoubleAnimation Storyboard.TargetName="Frame_10_Shape_0_Ellipse" Storyboard.TargetProperty="Opacity" From="0.100000023841858" To="1" Duration="0:0:0.2" AutoReverse="True" BeginTime="0:0:0.6" /></Storyboard></Canvas.Resources></Canvas><Canvas Canvas.Left="754" Width="232" Canvas.Top="138" Height="75" x:Name="Frame_10_Shape_1" Tag="type:'BubbleShape'"><Canvas Width="228" Height="71" Canvas.Left="4" Canvas.Top="4"><Path Fill="#FF696969" Opacity="0.300000011920929" Stroke="#FF000000" StrokeThickness="0"><Path.Data><PathGeometry><PathGeometry.Figures><PathFigure StartPoint="73,15"><PathFigure.Segments><LineSegment Point="218,15" /><ArcSegment SweepDirection="Clockwise" IsLargeArc="False" Size="10,10" Point="228,25" /><LineSegment Point="228,61" /><ArcSegment SweepDirection="Clockwise" IsLargeArc="False" Size="10,10" Point="218,71" /><LineSegment Point="73,71" /><ArcSegment SweepDirection="Clockwise" IsLargeArc="False" Size="10,10" Point="63,61" /><LineSegment Point="63,53" /><LineSegment Point="0,0" /><LineSegment Point="63,33" /><LineSegment Point="63,25" /><ArcSegment SweepDirection="Clockwise" IsLargeArc="False" Size="10,10" Point="73,15" /></PathFigure.Segments></PathFigure></PathGeometry.Figures></PathGeometry></Path.Data></Path></Canvas><Canvas Width="228" Height="71" Canvas.Left="0" Canvas.Top="0"><Path Stroke="#FF008000" StrokeThickness="1" Opacity="1"><Path.Data><PathGeometry><PathGeometry.Figures><PathFigure StartPoint="73,15"><PathFigure.Segments><LineSegment Point="218,15" /><ArcSegment SweepDirection="Clockwise" IsLargeArc="False" Size="10,10" Point="228,25" /><LineSegment Point="228,61" /><ArcSegment SweepDirection="Clockwise" IsLargeArc="False" Size="10,10" Point="218,71" /><LineSegment Point="73,71" /><ArcSegment SweepDirection="Clockwise" IsLargeArc="False" Size="10,10" Point="63,61" /><LineSegment Point="63,53" /><LineSegment Point="0,0" /><LineSegment Point="63,33" /><LineSegment Point="63,25" /><ArcSegment SweepDirection="Clockwise" IsLargeArc="False" Size="10,10" Point="73,15" /></PathFigure.Segments></PathFigure></PathGeometry.Figures></PathGeometry></Path.Data><Path.Fill><LinearGradientBrush StartPoint="0,0" EndPoint="0,1"><GradientStop Color="#FFFFFFFF" Offset="0" /><GradientStop Color="#FFEEEEEE" Offset="1" /></LinearGradientBrush></Path.Fill></Path><Image Source="Data/Images/text6c797bd1b5a0b9dcaff8266d6526c739.png" Canvas.Left="67.5" Canvas.Top="19.5" /></Canvas></Canvas><Canvas x:Name="Frame_10_Shape_2" Canvas.Left="865" Canvas.Top="178" Width="68" Height="22" Tag="type:'ButtonShape',action:'StartCursor',cursors:[0]"><Canvas Canvas.Left="0" Canvas.Top="0" Width="68" Height="22" MouseEnter="FMimicOnShapeForegroundMouseEnter" MouseLeave="FMimicOnShapeForegroundMouseLeave" MouseLeftButtonDown="FMimicOnShapeForegroundMouseLeftDown" MouseLeftButtonUp="FMimicOnShapeForegroundMouseLeftUp" Cursor="Hand"><Canvas x:Name="Frame_10_Shape_2_Hover" Opacity="0"><Rectangle RadiusX="7" RadiusY="7" Width="68" Height="22" Stroke="#FFFFA500" StrokeThickness="1" Opacity="1"><Rectangle.Fill><LinearGradientBrush StartPoint="0,0" EndPoint="0,1"><GradientStop Color="#FFFFFFFF" Offset="0" /><GradientStop Color="#FFEEEEEE" Offset="1" /></LinearGradientBrush></Rectangle.Fill></Rectangle><Image Source="Data/Images/text4df8a5a7837c8e943f94409e171fb7e1.png" Canvas.Left="4.5" Canvas.Top="4.5" /></Canvas><Canvas x:Name="Frame_10_Shape_2_Pressed" Opacity="0"><Rectangle RadiusX="7" RadiusY="7" Width="68" Height="22" Stroke="#FFFFA500" StrokeThickness="1" Opacity="1"><Rectangle.Fill><LinearGradientBrush StartPoint="0,0" EndPoint="0,1"><GradientStop Color="#FFC0C0C0" Offset="0" /><GradientStop Color="#FFFFFFFF" Offset="1" /></LinearGradientBrush></Rectangle.Fill></Rectangle><Image Source="Data/Images/text4df8a5a7837c8e943f94409e171fb7e1.png" Canvas.Left="4.5" Canvas.Top="4.5" /></Canvas><Canvas x:Name="Frame_10_Shape_2_Normal"><Rectangle RadiusX="7" RadiusY="7" Width="68" Height="22" Stroke="#FF4169E1" StrokeThickness="1" Opacity="1"><Rectangle.Fill><LinearGradientBrush StartPoint="0,0" EndPoint="0,1"><GradientStop Color="#FFFFFFFF" Offset="0" /><GradientStop Color="#FFEEEEEE" Offset="1" /></LinearGradientBrush></Rectangle.Fill></Rectangle><Image Source="Data/Images/text4df8a5a7837c8e943f94409e171fb7e1.png" Canvas.Left="4.5" Canvas.Top="4.5" /></Canvas></Canvas></Canvas><Canvas x:Name="Frame_10_Shape_3" Canvas.Left="408" Canvas.Top="192" Width="350" Height="16" Tag="type:'RectangleShape'"><Canvas Canvas.Left="0" Canvas.Top="0" Width="350" Height="16"><Rectangle Width="350" Height="16" Stroke="#FF000000" StrokeThickness="0" Fill="#FFFFFFFF" Opacity="1" /><Image Source="Data/Images/text794beeff58ad1e75827e0957317c640c.png" Canvas.Left="4.5" Canvas.Top="4.5" /></Canvas></Canvas><Canvas x:Name="Frame_10_Shape_4" Canvas.Left="409" Canvas.Top="163" Width="350" Height="16" Tag="type:'RectangleShape'"><Canvas Canvas.Left="0" Canvas.Top="0" Width="350" Height="16"><Rectangle Width="350" Height="16" Stroke="#FF000000" StrokeThickness="0" Fill="#FFFFFFFF" Opacity="1" /><Image Source="Data/Images/text8b3297a6af32a5f5aeff4ffc9eb43958.png" Canvas.Left="4.5" Canvas.Top="4.5" /></Canvas></Canvas><Canvas x:Name="Frame_10_Shape_5" Canvas.Left="703" Canvas.Top="122" Width="74" Height="24" Tag="type:'RectangleShape',action:'GotoNext'"><Canvas Canvas.Left="0" Canvas.Top="0" Width="74" Height="24" MouseLeftButtonUp="FMimicOnShapeForegroundMouseLeftUp" Cursor="Hand"><Rectangle Width="74" Height="24" Stroke="#FF000000" StrokeThickness="0" Fill="#00000000" Opacity="1" /></Canvas></Canvas></Canvas><Canvas.Resources><Storyboard x:Name="Frame_10_Animation" /></Canvas.Resources></Canvas>