﻿<?xml version="1.0" encoding="utf-8"?><Canvas xmlns="http://schemas.microsoft.com/client/2007" xmlns:x="http://schemas.microsoft.com/winfx/2006/xaml" Visibility="Collapsed" x:Name="Frame_11" Canvas.ZIndex="10" Tag="stopprevsnd:true"><Canvas Width="1032" Height="742" Canvas.Left="0" Canvas.Top="0"><Canvas><Rectangle Width="1032" Height="742" Fill="#FF808080" /><Rectangle Width="1032" Height="742" Fill="#FFA9A9A9" Opacity="1" /><Image Source="Data/Images/6.jpg" Canvas.Left="0" Canvas.Top="0" /></Canvas><Canvas Canvas.Left="242" Width="225" Canvas.Top="166" Height="89" x:Name="Frame_11_Shape_0" Tag="type:'BubbleShape'"><Canvas Width="221" Height="85" Canvas.Left="4" Canvas.Top="4"><Path Fill="#FF696969" Opacity="0.300000011920929" Stroke="#FF000000" StrokeThickness="0"><Path.Data><PathGeometry><PathGeometry.Figures><PathFigure StartPoint="66,0"><PathFigure.Segments><LineSegment Point="211,0" /><ArcSegment SweepDirection="Clockwise" IsLargeArc="False" Size="10,10" Point="221,10" /><LineSegment Point="221,75" /><ArcSegment SweepDirection="Clockwise" IsLargeArc="False" Size="10,10" Point="211,85" /><LineSegment Point="66,85" /><ArcSegment SweepDirection="Clockwise" IsLargeArc="False" Size="10,10" Point="56,75" /><LineSegment Point="56,53" /><LineSegment Point="0,16" /><LineSegment Point="56,32" /><LineSegment Point="56,10" /><ArcSegment SweepDirection="Clockwise" IsLargeArc="False" Size="10,10" Point="66,0" /></PathFigure.Segments></PathFigure></PathGeometry.Figures></PathGeometry></Path.Data></Path></Canvas><Canvas Width="221" Height="85" Canvas.Left="0" Canvas.Top="0"><Path Stroke="#FF008000" StrokeThickness="1" Opacity="1"><Path.Data><PathGeometry><PathGeometry.Figures><PathFigure StartPoint="66,0"><PathFigure.Segments><LineSegment Point="211,0" /><ArcSegment SweepDirection="Clockwise" IsLargeArc="False" Size="10,10" Point="221,10" /><LineSegment Point="221,75" /><ArcSegment SweepDirection="Clockwise" IsLargeArc="False" Size="10,10" Point="211,85" /><LineSegment Point="66,85" /><ArcSegment SweepDirection="Clockwise" IsLargeArc="False" Size="10,10" Point="56,75" /><LineSegment Point="56,53" /><LineSegment Point="0,16" /><LineSegment Point="56,32" /><LineSegment Point="56,10" /><ArcSegment SweepDirection="Clockwise" IsLargeArc="False" Size="10,10" Point="66,0" /></PathFigure.Segments></PathFigure></PathGeometry.Figures></PathGeometry></Path.Data><Path.Fill><LinearGradientBrush StartPoint="0,0" EndPoint="0,1"><GradientStop Color="#FFFFFFFF" Offset="0" /><GradientStop Color="#FFEEEEEE" Offset="1" /></LinearGradientBrush></Path.Fill></Path><Image Source="Data/Images/texteb3533effc9c0e59eb239bc02d78622c.png" Canvas.Left="60.5" Canvas.Top="4.5" /></Canvas></Canvas><Canvas x:Name="Frame_11_Shape_1" Canvas.Left="347" Canvas.Top="218" Width="68" Height="22" Tag="type:'ButtonShape',action:'GotoNext'"><Canvas Canvas.Left="0" Canvas.Top="0" Width="68" Height="22" MouseEnter="FMimicOnShapeForegroundMouseEnter" MouseLeave="FMimicOnShapeForegroundMouseLeave" MouseLeftButtonDown="FMimicOnShapeForegroundMouseLeftDown" MouseLeftButtonUp="FMimicOnShapeForegroundMouseLeftUp" Cursor="Hand"><Canvas x:Name="Frame_11_Shape_1_Hover" Opacity="0"><Rectangle RadiusX="7" RadiusY="7" Width="68" Height="22" Stroke="#FFFFA500" StrokeThickness="1" Opacity="1"><Rectangle.Fill><LinearGradientBrush StartPoint="0,0" EndPoint="0,1"><GradientStop Color="#FFFFFFFF" Offset="0" /><GradientStop Color="#FFEEEEEE" Offset="1" /></LinearGradientBrush></Rectangle.Fill></Rectangle><Image Source="Data/Images/text49c5d01eb876258c9b5e3a2ad4726f8c.png" Canvas.Left="4.5" Canvas.Top="4.5" /></Canvas><Canvas x:Name="Frame_11_Shape_1_Pressed" Opacity="0"><Rectangle RadiusX="7" RadiusY="7" Width="68" Height="22" Stroke="#FFFFA500" StrokeThickness="1" Opacity="1"><Rectangle.Fill><LinearGradientBrush StartPoint="0,0" EndPoint="0,1"><GradientStop Color="#FFC0C0C0" Offset="0" /><GradientStop Color="#FFFFFFFF" Offset="1" /></LinearGradientBrush></Rectangle.Fill></Rectangle><Image Source="Data/Images/text49c5d01eb876258c9b5e3a2ad4726f8c.png" Canvas.Left="4.5" Canvas.Top="4.5" /></Canvas><Canvas x:Name="Frame_11_Shape_1_Normal"><Rectangle RadiusX="7" RadiusY="7" Width="68" Height="22" Stroke="#FF4169E1" StrokeThickness="1" Opacity="1"><Rectangle.Fill><LinearGradientBrush StartPoint="0,0" EndPoint="0,1"><GradientStop Color="#FFFFFFFF" Offset="0" /><GradientStop Color="#FFEEEEEE" Offset="1" /></LinearGradientBrush></Rectangle.Fill></Rectangle><Image Source="Data/Images/text49c5d01eb876258c9b5e3a2ad4726f8c.png" Canvas.Left="4.5" Canvas.Top="4.5" /></Canvas></Canvas></Canvas></Canvas><Canvas.Resources><Storyboard x:Name="Frame_11_Animation" /></Canvas.Resources></Canvas>